"","out"
"1","/oil-gas-field/vankorskoe"
"2","/oil-gas-field/russkoe"
"3","/oil-gas-field/lyantorskoe"
"4","/oil-gas-field/urnenskoye"
"5","/oil-gas-field/usinskoe"
"6","/oil-gas-field/kamennoe-west"
"7","/oil-gas-field/verkhnechonskoye"
"8","/oil-gas-field/sovetskoe"
"9","/oil-gas-field/priobskoe-south"
"10","/oil-gas-field/zapadno-surgutskoe"
"11","/oil-gas-field/north-komsomolskoe"
"12","/oil-gas-field/prirazlomnoye-rosneft"
"13","/oil-gas-field/fyodorovskoe"
"14","/oil-gas-field/srednebotuobinskoe"
"15","/oil-gas-field/rogozhnikovskoe"
"16","/oil-gas-field/yaregskoye"
"17","/oil-gas-field/kumkolskoe"
"18","/oil-gas-field/filanovskogo"
"19","/oil-gas-field/sugmutskoe"
"20","/oil-gas-field/meretoyahinskoe"
"21","/oil-gas-field/vakhskoe"
"22","/oil-gas-field/novoportovoe"
"23","/oil-gas-field/severo-kharampurskoye"
"24","/oil-gas-field/south-kharampur"
"25","/oil-gas-field/harampurskoe"
"26","/oil-gas-field/neptun"
"27","/oil-gas-field/severo-samburgskoe"
"28","/oil-gas-field/mishkinskoe"
"29","/oil-gas-field/lodochnoe"
"30","/oil-gas-field/v-n-vinogradova"
"31","/oil-gas-field/elnikovskoe"
"32","/oil-gas-field/tazovskoe"
"33","/oil-gas-field/kholmogorskoye"
"34","/oil-gas-field/prirazlomnoe"
"35","/oil-gas-field/pyakyakhinskoye"
"36","/oil-gas-field/gremihinskoe"
"37","/oil-gas-field/vyngayakhinskoye"
"38","/oil-gas-field/van-eganskoe"
"39","/oil-gas-field/sporyshevskoye"
"40","/oil-gas-field/krainee"
"41","/oil-gas-field/yem-yogovskoye"
"42","/oil-gas-field/r-trebs-varknavt"
"43","/oil-gas-field/nazymskoe"
"44","/oil-gas-field/velikoe"
"45","/oil-gas-field/gavrikovskoe"
"46","/oil-gas-field/kharbeiskoe"
"47","/oil-gas-field/a-titova"
"48","/oil-gas-field/rakushechnoe"
"49","/oil-gas-field/omorinskoye"
"50","/oil-gas-field/west-ayanskoe"
"51","/oil-gas-field/severo-rogozhnikovskoe-shpilmana"
"52","/oil-gas-field/verkh-tarskoe"
"53","/oil-gas-field/tortasinskoe"
"54","/oil-gas-field/korchagina"
"55","/oil-gas-field/ravninnoye"
"56","/oil-gas-field/vyngapurovskoye"
"57","/oil-gas-field/sladovsko-zarechnoe"
"58","/oil-gas-field/urmanskoye"
"59","/oil-gas-field/tsarichanskoye"
"60","/oil-gas-field/zimnee"
"61","/oil-gas-field/zapadno-erginskoe"
"62","/oil-gas-field/palyanovskoye"
"63","/oil-gas-field/krapivinskoye"
"64","/oil-gas-field/eti-purovskoe"
"65","/oil-gas-field/archinskoe"
"66","/oil-gas-field/kosukhinskoe"
"67","/oil-gas-field/maloyuganskoe"
"68","/oil-gas-field/romanovskoe"
"69","/oil-gas-field/chayvo"
"70","/oil-gas-field/igolsko-tall"
"71","/oil-gas-field/yuzhnoe"
"72","/oil-gas-field/klintsovsky"
"73","/oil-gas-field/protozanovskoe"
"74","/oil-gas-field/moscovets"
"75","/oil-gas-field/yuzhno-myldzhinskoe"
"76","/oil-gas-field/ichedinskoe"
"77","/oil-gas-field/west-synat"
"78","/oil-gas-field/beregovoe"
"79","/oil-gas-field/yuzhno-nyurymskoe"
"80","/oil-gas-field/baleykinskoe"
"81","/oil-gas-field/tungor"
"82","/oil-gas-field/orehovo-ermakovskoe"
"83","/oil-gas-field/north-russkoe"
"84","/oil-gas-field/kapitonovskoye"
"85","/oil-gas-field/kuleshovskoe"
"86","/oil-gas-field/barinovsko-lebyazhinskoe"
"87","/oil-gas-field/muhanovskoe"
"88","/oil-gas-field/south-kirinskoe"
"89","/oil-gas-field/utevskoe"
"90","/oil-gas-field/south-kinyaminskoe"
"91","/oil-gas-field/azovskoye"
"92","/oil-gas-field/hvalinskoe"
"93","/oil-gas-field/dvurechenskoe"
"94","/oil-gas-field/shinginskoye"
"95","/oil-gas-field/nagumanovskoye"
"96","/oil-gas-field/novoe"
"97","/oil-gas-field/zapadno-luginetskoye"
"98","/oil-gas-field/nizhneluginetskoye"
"99","/oil-gas-field/sutorminskoye"
"100","/oil-gas-field/muravlenkovskoye"
"101","/oil-gas-field/novo-purpeiskoe"
"102","/oil-gas-field/usmeiskoe"
"103","/oil-gas-field/severo-yangtinskoe"
"104","/oil-gas-field/severo-pamalihinskoe"
"105","/oil-gas-field/karamovskoe"
"106","/oil-gas-field/pogranichnoe"
"107","/oil-gas-field/sredne-iturskoe"
"108","/oil-gas-field/zapadno-noyabrskoe"
"109","/oil-gas-field/novogodnee"
"110","/oil-gas-field/yarainerskoye"
"111","/oil-gas-field/holmistoe"
"112","/oil-gas-field/chatylkinskoe"
"113","/oil-gas-field/vorgenskoye"
"114","/oil-gas-field/orenburgskoe"
"115","/oil-gas-field/filatovskoe"
"116","/oil-gas-field/zapadno-zimnii-uchastok"
"117","/oil-gas-field/priobskoe-north"
"118","/oil-gas-field/yzhno-orlovskoe"
"119","/oil-gas-field/arhangelskoe"
"120","/oil-gas-field/kiengopskoe"
"121","/oil-gas-field/chutirskoe"
"122","/oil-gas-field/illichivskoe"
"123","/oil-gas-field/zapadno-poludennoe"
"124","/oil-gas-field/zapadno-messoyakhskoye"
"125","/oil-gas-field/vostochno-messoyakhskoye"
"126","/oil-gas-field/yuzhno-tambeyskoye"
"127","/oil-gas-field/severo-urengoyskoe"
"128","/oil-gas-field/yurkharovskoye"
"129","/oil-gas-field/east-tarkosalinskoye"
"130","/oil-gas-field/khancheyskoye"
"131","/oil-gas-field/samburg-license-area"
"132","/oil-gas-field/urengoi-oil-field-arcticgaz"
"133","/oil-gas-field/jaro-yakhinsky-license-area"
"134","/oil-gas-field/yumbyakhskoe"
"135","/oil-gas-field/north-payakhskoe"
"136","/oil-gas-field/north-danilovskoe"
"137","/oil-gas-field/north-veninskoe"
"138","/oil-gas-field/dorogovskoe"
"139","/oil-gas-field/ust-tegusskoe"
"140","/oil-gas-field/samotlor"
"141","/oil-gas-field/romashkinskoye"
"142","/oil-gas-field/morskoe"
"143","/oil-gas-field/kharyaga"
"144","/oil-gas-field/mamontovskoe"
"145","/oil-gas-field/kamennoe-east"
"146","/oil-gas-field/talinskoe"
"147","/oil-gas-field/erginskoye"
"148","/oil-gas-field/kuyumbinskoye"
"149","/oil-gas-field/salmanovskoe-utrennee"
"150","/oil-gas-field/west-salymskoe"
"151","/oil-gas-field/gydanskoye"
"152","/oil-gas-field/yaraktinskoe"
"153","/oil-gas-field/kashagan"
"154","/oil-gas-field/suzunskoe"
"155","/oil-gas-field/severo-tarasovskoe"
"156","/oil-gas-field/tarasovskoe"
"157","/oil-gas-field/odoptu-sea"
"158","/oil-gas-field/katangli"
"159","/oil-gas-field/nabil"
"160","/oil-gas-field/vostochnoedagi"
"161","/oil-gas-field/zapadno-purpeyskoe"
"162","/oil-gas-field/vostochno-yangtinskoe"
"163","/oil-gas-field/ust-kcharampurskoe"
"164","/oil-gas-field/pravdinskoe"
"165","/oil-gas-field/severo-ostaninskoe"
"166","/oil-gas-field/kazanskoe"
"167","/oil-gas-field/myldzhinskoe"
"168","/oil-gas-field/boltnoe"
"169","/oil-gas-field/sredne-nyurolskoe"
"170","/oil-gas-field/klyuchevskoe"
"171","/oil-gas-field/puglalymskoe"
"172","/oil-gas-field/kulginskoe"
"173","/oil-gas-field/yuzhno-tabaganskoe"
"174","/oil-gas-field/luginetskoe"
"175","/oil-gas-field/danilovskoe"
"176","/oil-gas-field/baibakova"
"177","/oil-gas-field/vostochno-surgutskoe"
"178","/oil-gas-field/zhumazhanovskoe"
"179","/oil-gas-field/surieganskoe"
"180","/oil-gas-field/vatlorskoe"
"181","/oil-gas-field/yuzhno-vatlorskoe"
"182","/oil-gas-field/ai-pimskoe"
"183","/oil-gas-field/vachimskoe"
"184","/oil-gas-field/rossikhina"
"185","/oil-gas-field/srednevilyuiskoe"
"186","/oil-gas-field/barsukovskoe"
"187","/oil-gas-field/yurubcheno-tokchomskoe"
"188","/oil-gas-field/tagulskoe"
"189","/oil-gas-field/gurarinskoe"
"190","/oil-gas-field/fedyushkinskoe"
"191","/oil-gas-field/verkhnesalatskoe"
"192","/oil-gas-field/stolbovoe"
"193","/oil-gas-field/snezhnoe"
"194","/oil-gas-field/mayskoe"
"195","/oil-gas-field/dvoynoe"
"196","/oil-gas-field/festivalnoe"
"197","/oil-gas-field/kontorovichskoe"
"198","/oil-gas-field/tagaiskoe"
"199","/oil-gas-field/karaiskoe"
"200","/oil-gas-field/matyushkinskoe"
"201","/oil-gas-field/khvoinoe"
"202","/oil-gas-field/yarudeyskoye"
"203","/oil-gas-field/aksenovskoye"
"204","/oil-gas-field/semenovskoye"
"205","/oil-gas-field/bovanenkovskoye"
"206","/oil-gas-field/krasnovskoe"
"207","/oil-gas-field/poltavskoe"
"208","/oil-gas-field/malobalykskoe"
"209","/oil-gas-field/novo-urengoysky-license-area"
"210","/oil-gas-field/ombinskoye"
"211","/oil-gas-field/astrakhanskoe"
"212","/oil-gas-field/naulskoe"
"213","/oil-gas-field/labaganskoe"
"214","/oil-gas-field/sorovskoe"
"215","/oil-gas-field/kondinskoye"
"216","/oil-gas-field/west-kommunarskoye"
"217","/oil-gas-field/kshukskoe"
"218","/oil-gas-field/lower-kvakchinskoye"
"219","/oil-gas-field/chayandinskoye"
"220","/oil-gas-field/kovykta"
"221","/oil-gas-field/west-tarkosalinskoye"
"222","/oil-gas-field/komsomolskoye"
"223","/oil-gas-field/yamsoveiskoye"
"224","/oil-gas-field/zohr"
"225","/oil-gas-field/jubileynoe"
"226","/oil-gas-field/zapolyarnoye"
"227","/oil-gas-field/gubkinskoe"
"228","/oil-gas-field/uzunskoe"
"229","/oil-gas-field/odoptu"
"230","/oil-gas-field/arkutun-dagi"
"231","/oil-gas-field/bukharovskoe"
"232","/oil-gas-field/urengoyskoe-yamalgazinvest"
"233","/oil-gas-field/east-urengoy-license-area"
"234","/oil-gas-field/chaprovskoye"
"235","/oil-gas-field/tyamkinskoe"
"236","/oil-gas-field/baklanovskoe"
"237","/oil-gas-field/yuzhno-lyaminskoe"
"238","/oil-gas-field/kandym"
"239","/oil-gas-field/vostochno-perevalnoe"
"240","/oil-gas-field/zapadno-bimskoe"
"241","/oil-gas-field/mayorskoe"
"242","/oil-gas-field/kamennomisskoe-more"
"243","/oil-gas-field/severo-hosedayskoe"
"244","/oil-gas-field/zapadno-rakushechnoe"
"245","/oil-gas-field/kuvikina"
"246","/oil-gas-field/centralnoe"
"247","/oil-gas-field/170-km"
"248","/oil-gas-field/otdelnoe"
"249","/oil-gas-field/urga"
"250","/oil-gas-field/kazakovskoe"
"251","/oil-gas-field/medvezhye"
"252","/oil-gas-field/kirinskoye"
"253","/oil-gas-field/bayandskoe"
"254","/oil-gas-field/vostochno-sarutayuskoye"
"255","/oil-gas-field/irgizskoe"
"256","/oil-gas-field/yamburgskoe"
"257","/oil-gas-field/pyrejnoe"
"258","/oil-gas-field/pestsovoye"
"259","/oil-gas-field/khasyrejskoe"
"260","/oil-gas-field/cherpayuskoye"
"261","/oil-gas-field/kynskoye"
"262","/oil-gas-field/toraveyskoye"
"263","/oil-gas-field/komsomolskoye-rn"
"264","/oil-gas-field/perevoznoye"
"265","/oil-gas-field/yuzhno-shapkinskoye"
"266","/oil-gas-field/tedinskoye"
"267","/oil-gas-field/vozeyskoye"
"268","/oil-gas-field/sredne-khulymskoye"
"269","/oil-gas-field/kalchinskiy"
"270","/oil-gas-field/sandibinskoye"
"271","/oil-gas-field/peschanoye"
"272","/oil-gas-field/kislorskoye"
"273","/oil-gas-field/krasnoleninskoye"
"274","/oil-gas-field/serginskoye"
"275","/oil-gas-field/severo-khokhryakovskoye"
"276","/oil-gas-field/visovoye"
"277","/oil-gas-field/verkhnekolvinskoye"
"278","/oil-gas-field/zapadno-khosedayuskoye"
"279","/oil-gas-field/sikhoreyskiy"
"280","/oil-gas-field/vostochno-sikhoreyskoye"
"281","/oil-gas-field/severo-sikhoreyskoye"
"282","/oil-gas-field/severo-oshkotynskoye"
"283","/oil-gas-field/syurkharatinskoye"
"284","/oil-gas-field/pyuseyskoye"
"285","/oil-gas-field/yuzhno-syurkharatinskoye"
"286","/oil-gas-field/urernyrdskoye"
"287","/oil-gas-field/vostochno-yanemdeyskoye"
"288","/oil-gas-field/passedskoye"
"289","/oil-gas-field/shakh-deniz"
"290","/oil-gas-field/rybkinskoye"
"291","/oil-gas-field/yuzhno-surgutskoye"
"292","/oil-gas-field/vishnevo-polyanskoye"
"293","/oil-gas-field/malyginskoye"
"294","/oil-gas-field/shakhpakhty"
"295","/oil-gas-field/koshinskoye"
"296","/oil-gas-field/yasnopolyanskoye"
"297","/oil-gas-field/yuzhno-petyogskoye"
"298","/oil-gas-field/ugutskoe"
"299","/oil-gas-field/tagrinskoye"
"300","/oil-gas-field/talakanskoe"
"301","/oil-gas-field/varjeganskoe"
"302","/oil-gas-field/arlanskoe"
"303","/oil-gas-field/ust-balykskoe"
"304","/oil-gas-field/ust-evai"
"305","/oil-gas-field/kruzenshternskoe"
"306","/oil-gas-field/kharasaveyskoe"
"307","/oil-gas-field/varandeyskoe"
"308","/oil-gas-field/kirsanovskoe"
"309","/oil-gas-field/kogalymskoye"
"310","/oil-gas-field/tevlinsko-russinskoe"
"311","/oil-gas-field/vat-eganskoe"
"312","/oil-gas-field/povkhovskoye"
"313","/oil-gas-field/yuzhno-yagunskoye"
"314","/oil-gas-field/pokachevskoye"
"315","/oil-gas-field/urievskoye"
"316","/oil-gas-field/nong-eganskoe"
"317","/oil-gas-field/druzhnoe"
"318","/oil-gas-field/nivagalskoe"
"319","/oil-gas-field/potochnoe"
"320","/oil-gas-field/kechimovskoe"
"321","/oil-gas-field/oshskoe"
"322","/oil-gas-field/vostochno-lambeishorskoe"
"323","/oil-gas-field/kyrtaelskoe"
"324","/oil-gas-field/uunvinskoye"
"325","/oil-gas-field/shagirt-gozhanskoe"
"326","/oil-gas-field/sibirskoe"
"327","/oil-gas-field/pamyatno-sasovskoe"
"328","/oil-gas-field/kravtsovskoye"
"329","/oil-gas-field/nakhodkinskoye"
"330","/oil-gas-field/ob-north-license-area"
"331","/oil-gas-field/payakhskoe"
"332","/oil-gas-field/yon-yakhinskoye"
"333","/oil-gas-field/sredne-balykskskoe"
"334","/oil-gas-field/kolvinskoe"
"335","/oil-gas-field/south-russkoe"
"336","/oil-gas-field/termokarstovoye"
"337","/oil-gas-field/triton"
"338","/oil-gas-field/khokhryakovskoye"
"339","/oil-gas-field/salymskoe"
"340","/oil-gas-field/kinyaminskoe"
"341","/oil-gas-field/markovskoe"
"342","/oil-gas-field/severo-tambeiskoe"
"343","/oil-gas-field/rusanovskoe"
"344","/oil-gas-field/leningradskoe"
"345","/oil-gas-field/tas-uryakhskoe"
"346","/oil-gas-field/petelinskoe"
"347","/oil-gas-field/multanovskoe"
"348","/oil-gas-field/zapadno-tugrovskoe"
"349","/oil-gas-field/vostochno-tugrovskoe"
"350","/oil-gas-field/lovinskoe"
"351","/oil-gas-field/yuzhno-gavrikovskoe"
"352","/oil-gas-field/gerasimovskoe"
"353","/oil-gas-field/yuzhno-yuryakhinskoe"
"354","/oil-gas-field/pashshorskoe"
"355","/oil-gas-field/im-alabushina"
"356","/oil-gas-field/ignyalinskoe"
"357","/oil-gas-field/tympuchikanskoe"
"358","/oil-gas-field/vakunaiskoe"
"359","/oil-gas-field/srednetyungskoe"
"360","/oil-gas-field/verkhnevilyuchanskoe"
"361","/oil-gas-field/severo-soleninskoe"
"362","/oil-gas-field/bobrovskoe"
"363","/oil-gas-field/talciiskoe"
"364","/oil-gas-field/malo-yamalskoe"
"365","/oil-gas-field/yuzhno-kamennomysskoe"
"366","/oil-gas-field/kamennomysskoe"
"367","/oil-gas-field/surovoe"
"368","/oil-gas-field/kokuiskoe"
"369","/oil-gas-field/dolginskoe"
"370","/oil-gas-field/izhevskoe"
"371","/oil-gas-field/vatinskoe"
"372","/oil-gas-field/severo-esetinskoe"
"373","/oil-gas-field/nyadeiyuskoe"
"374","/oil-gas-field/imilorskoe"
"375","/oil-gas-field/chumpasskoe"
"376","/oil-gas-field/pashninskoe"
"377","/oil-gas-field/volostnovskoe"
"378","/oil-gas-field/verkhne-shapshynskoe"
"379","/oil-gas-field/zhilinskoe"
"380","/oil-gas-field/pechorogorodskoe"
"381","/oil-gas-field/nemchinovskoe"
"382","/oil-gas-field/traigorodsko-kondakovskoe"
"383","/oil-gas-field/yuzhnobaganskoe"
"384","/oil-gas-field/kuzovatkinskoe"
"385","/oil-gas-field/verkhnetiuteyskoe"
"386","/oil-gas-field/zapadno-seyakhinskoye"
"387","/oil-gas-field/rostashinskoe"
"388","/oil-gas-field/sorochinsko-nikolskoe"
"389","/oil-gas-field/garshinskoe"
"390","/oil-gas-field/pokrovskoe"
"391","/oil-gas-field/severo-kochevskoe"
"392","/oil-gas-field/im-sukhareva"
"393","/oil-gas-field/skvortsovskoe"
"394","/oil-gas-field/ilishevskoe"
"395","/oil-gas-field/chikanskoe"
"396","/oil-gas-field/khalmerpayutinskoe"
"397","/oil-gas-field/nyarmeiskoe"
"398","/oil-gas-field/im-dinkova"
"399","/oil-gas-field/skuratovskoe"
"400","/oil-gas-field/yuzhno-balykskoe"
"401","/oil-gas-field/sredneugutskoe"
"402","/oil-gas-field/verkhnekolik-eganskoe"
"403","/oil-gas-field/radonezhskoe"
"404","/oil-gas-field/severo-tyamkinskoe"
"405","/oil-gas-field/nanadyanskoe"
"406","/oil-gas-field/varyngskoe"
"407","/oil-gas-field/bakhilovskoe"
"408","/oil-gas-field/maiorovskoe"
"409","/oil-gas-field/marinskoe"
"410","/oil-gas-field/komarinskoe"
"411","/oil-gas-field/tereklinskoe"
"412","/oil-gas-field/yuzhno-priobskoe"
"413","/oil-gas-field/rassvetnoe"
"414","/oil-gas-field/iskrinskoe"
"415","/oil-gas-field/yuzhno-khadyryakhinskoe"
"416","/oil-gas-field/sterkhovoe"
"417","/oil-gas-field/yuzhno-shinginskoe"
"418","/oil-gas-field/west-chatylkinskoe"
"419","/oil-gas-field/south-terekheveiskoe"
"420","/oil-gas-field/soletsko-khanaveiskoe"
"421","/oil-gas-field/stormovoe"
"422","/oil-gas-field/severo-vrangelevsky"
"423","/oil-gas-field/abakanskoe"
"424","/oil-gas-field/ilbokichskoe"
"425","/oil-gas-field/imbinskoye"
"426","/oil-gas-field/lunskoe"
"427","/oil-gas-field/lenskoye"
"428","/oil-gas-field/piltun-astokhskoe"
"429","/oil-gas-field/karachaganakskoe"
"430","/oil-gas-field/enoruskinskoe"
"431","/oil-gas-field/lutseyakhskoe"
"432","/oil-gas-field/povorotnoe"
"433","/oil-gas-field/mancharovskoe"
"434","/oil-gas-field/yumantylskoe"
"435","/oil-gas-field/prokhorovskoe"
"436","/oil-gas-field/ust-yamsoveiskoe"
"437","/oil-gas-field/north-chaselsky-license-area"
"438","/oil-gas-field/south-messoyakhskoye"
"439","/oil-gas-field/khambateyskoye"
"440","/oil-gas-field/sobinskoye"
"441","/oil-gas-field/yuzhno-tarasovskoye"
"442","/oil-gas-field/severo-gubkinskoye"
"443","/oil-gas-field/valyntoyskoye"
"444","/oil-gas-field/yendyrskoye"
"445","/oil-gas-field/geofizicheskoye"
"446","/oil-gas-field/khandinskoye"
"447","/oil-gas-field/khotogo-murbayskoye"
"448","/oil-gas-field/sobolokh-nedzhelinskoye"
"449","/oil-gas-field/bratskoye"
"450","/oil-gas-field/beryambinskoye"
"451","/oil-gas-field/novo-yudukonskoye"
"452","/oil-gas-field/severo-vasyuganskoye"
"453","/oil-gas-field/mirnoye"
"454","/oil-gas-field/kutymskoye"
"455","/oil-gas-field/vostochno-terelskoye"
"456","/oil-gas-field/yuzhno-kypakyskoye"
"457","/oil-gas-field/akaytemskoye"
"458","/oil-gas-field/yarovoye"
"459","/oil-gas-field/zapadno-zapolyarnoye"
"460","/oil-gas-field/zapadno-pestsovoye"
"461","/oil-gas-field/yuzhno-pestsovoye"
"462","/oil-gas-field/padinskoye"
"463","/oil-gas-field/yuzhno-padinskoye"
"464","/oil-gas-field/dremucheye"
"465","/oil-gas-field/pangodinskoye"
"466","/oil-gas-field/prisklonovoye"
"467","/oil-gas-field/vyuzhnoye"
"468","/oil-gas-field/kharvutinskoye"
"469","/oil-gas-field/yuzhno-parusovoye"
"470","/oil-gas-field/severo-parusovoye"
"471","/oil-gas-field/parusovoye"
"472","/oil-gas-field/semakovskoye"
"473","/oil-gas-field/antipayutinskoye"
"474","/oil-gas-field/tota-yakhinskoye"
"475","/oil-gas-field/chugoryakhinskoye"
"476","/oil-gas-field/yuzhno-kruzenshternskoye"
"477","/oil-gas-field/zapadno-tambeyskoye"
"478","/oil-gas-field/severo-kamennomysskoye"
"479","/oil-gas-field/pomorskoye"
"480","/oil-gas-field/pechorokozhvinskoye"
"481","/oil-gas-field/severo-yugidskoye"
"482","/oil-gas-field/zapadno-soplesskoye"
"483","/oil-gas-field/yugidskoye"
"484","/oil-gas-field/vuktylskoye"
"485","/oil-gas-field/kedrovskoye"
"486","/oil-gas-field/sukhorechenskoye"
"487","/oil-gas-field/kopanskoye"
"488","/oil-gas-field/terektinskoye"
"489","/oil-gas-field/akobinskoye"
"490","/oil-gas-field/patronovskoye"
"491","/oil-gas-field/plotinskoye"
"492","/oil-gas-field/dubovskoye"
"493","/oil-gas-field/sinyavskoye"
"494","/oil-gas-field/beysugskoye"
"495","/oil-gas-field/svobodnenskoye"
"496","/oil-gas-field/lebedinskoye"
"497","/oil-gas-field/kanevsko-Lebyazhye"
"498","/oil-gas-field/starominskoye"
"499","/oil-gas-field/grechanoye"
"500","/oil-gas-field/rogovskoye"
"501","/oil-gas-field/dneprovskoye"
"502","/oil-gas-field/krylovskoye"
"503","/oil-gas-field/vostochno-krylovskoye"
"504","/oil-gas-field/chelbasskoye"
"505","/oil-gas-field/severo-yekaterinovskoye"
"506","/oil-gas-field/yuzhno-serdyukovskoye"
"507","/oil-gas-field/berezanskoye"
"508","/oil-gas-field/serdyukovskoye"
"509","/oil-gas-field/ilinskoye"
"510","/oil-gas-field/rasshevatskoye"
"511","/oil-gas-field/severo-stavropolsko-pelagiadinskoye"
"512","/oil-gas-field/sengileyevskoye"
"513","/oil-gas-field/nikolayevskoye"
"514","/oil-gas-field/yuzhno-sovetskoye"
"515","/oil-gas-field/radykovskoye"
"516","/oil-gas-field/yuzhno-radykovskoye"
"517","/oil-gas-field/bezopasnenskoye"
"518","/oil-gas-field/takhta-Kugultinskoye"
"519","/oil-gas-field/kugutskoye"
"520","/oil-gas-field/kazino-grachevskoye"
"521","/oil-gas-field/petrovsko-blagodarnenskoye"
"522","/oil-gas-field/kamenno-balkovskoye"
"523","/oil-gas-field/vostochno-arzgirskoye"
"524","/oil-gas-field/mirnenskoye"
"525","/oil-gas-field/zhuravskoye"
"526","/oil-gas-field/nekrasovskoye"
"527","/oil-gas-field/ladozhskoye"
"528","/oil-gas-field/prigibskoye"
"529","/oil-gas-field/grivenskoye"
"530","/oil-gas-field/musitsiyevskoye"
"531","/oil-gas-field/mostovyanskoye"
"532","/oil-gas-field/kruzhilovskoye"
"533","/oil-gas-field/pribrezhnoye"
"534","/oil-gas-field/mechetskoye"
"535","/oil-gas-field/chernoyerkovskoye"
"536","/oil-gas-field/yuzhno-chernoyerkovskoye"
"537","/oil-gas-field/krasnoarmeyskoye"
"538","/oil-gas-field/zapadno-krasnoarmeyskoye"
"539","/oil-gas-field/ledovoye"
"540","/oil-gas-field/zapadno-Irkinskoye"
"541","/oil-gas-field/malyshevskoye-vol"
"542","/oil-gas-field/khadytayakhskoye"
"543","/oil-gas-field/malohadiryahinskoe"
"544","/oil-gas-field/zapadno-mechetskoye"
"545","/oil-gas-field/novozhedrinskoye"
"546","/oil-gas-field/peshkovskoe"
"547","/oil-gas-field/sakharovskoye"
"548","/oil-gas-field/bugrinskoye"
"549","/oil-gas-field/permyakovskoye"
"550","/oil-gas-field/novomikhailovskoe"
"551","/oil-gas-field/khokhlovskoye"
"552","/oil-gas-field/mamurinskoye"
"553","/oil-gas-field/osinskoye"
"554","/oil-gas-field/krasnooktyabrskoye"
"555","/oil-gas-field/lokosovskoye"
"556","/oil-gas-field/belozersko-chubovskoye"
"557","/oil-gas-field/malyshevskoye-bash"
"558","/oil-gas-field/malyshevskoye-sam"
